f288ffa5-1ec3-42cb-a9a9-6a6760204b0a,Using ai to streamline signing sports memorabilia,CS
6fef01d9-902e-4a8a-8a17-664abec2ce43,Using rfid to improve promoting big business,CS
093c63da-5fb5-4bce-b24b-ce4166c6c74e,Using rfid to improve fighting civil wars,CSDS
f6f63cb9-bad6-46fe-8197-48f87de0da19,Using excel to analyse patterns in searching for a new world,CSDS
ea392cd2-6997-4955-a4c4-d75b5a57802b,View of dagon in promoting feminism,CSDS
52ca4ad8-dfae-4c85-90e3-aa8082925dd9,Using rfid to improve reporting for The Daily Planet,CSDS
48fc7834-a26e-4661-8d00-ae3d59fbe67e,View of dagon in duelling acrobatically,DS
46fb4bb7-be65-45c3-8998-aaa6d5780953,Using excel to analyse patterns in designing modern buildings,CS
6780da5e-e353-4c9b-b0b3-830fa1ddc5a3,Using excel to analyse patterns in starring in indy movies,CS
df7872e1-520e-4d96-9331-00ca7d37a6eb,View of dagon in worrying about life,CSDS
e41c907c-3b3e-47d5-9d36-e447d7ecd3b4,Worshipping cthulu in writing experimental songs,CSDS
fae59de0-aee0-408c-86c9-2d66934fb673,Using rfid to improve building giant walls,CSDS
5ad6ed44-69e1-449f-b087-4f9dc24e7aa5,Security analysis of singing melancholy songs,CSDS
66a208cc-e412-4a0a-baf2-63eea0a263e0,Using excel to analyse patterns in writing mystery stories,CS
16a2bd7f-5272-4814-908c-6ad438ceacde,Using rfid to improve rescuing aristocrats,CSDS
e0366218-eb15-4459-a727-7ff358a9ea1d,Using rfid to improve starring in romantic comedies,CS
63d999c2-e489-4304-b592-7d8a36421738,Security analysis of writing erotic fiction,CSDS
20dc2f49-27ee-4b60-bfba-b5f469584d23,Security analysis of postulating bizarre theories,,CSDS
5079a580-9141-4276-b13e-a9dfdc53a2b2,Using rfid to improve killing murderers,CSDS
4cd04cc1-2d4e-4931-9eaf-fcddf6b2fa2a,Worshipping cthulu in driving around America,CS
ccb6c4fa-1dc4-4763-8514-6fd824e781db,Using rfid to improve developing crazy schemes,CSDS
590d6a18-9fec-4b05-b796-3e676a025344,View of dagon in fighting for justice,DS
77129a1e-850f-4054-8bf1-4e50116bce48,Worshipping cthulu in starring in Hollywood movies,CSDS
0d5d6e9c-be71-473c-a411-7423ce836345,Worshipping cthulu in playing aggressive chess,CS
b6d503ea-2f4a-4693-92bf-8e5fe756337a,Using ai to streamline shouting in Hollywood movies,CS
b493069d-0faf-4c04-b429-fdf1d74c913c,Using rfid to improve killing murderers,CSDS
55bbfe09-b0c0-4310-b3ac-495187abb731,View of dagon in promoting communism,CSDS
0a0781a2-b260-4ec8-8e4b-f6f8f5cae5f1,View of dagon in writing serialized stories,CS
b2d638ee-b313-4915-89c5-bce5491f5082,Worshipping cthulu in beating menial staff,DS
db3f6c15-0fa1-4a63-b153-480e4668f49b,Using rfid to improve adopting children,CS
021c1efc-0a2c-4648-9299-e519dbbbc5c6,Worshipping cthulu in starring in romantic comedies,CSDS
4465a03f-6f96-40b5-ad2f-8ba9a0597df2,View of dagon in plotting criminal schemes,DS
d25ede56-4ce7-475c-a345-916f6b859700,Worshipping cthulu in writing short stories,CSDS
617434a5-1aa4-4ada-90de-3e486bd26188,Using excel to analyse patterns in recording history,CSDS
8abb818e-7639-4aa8-ae24-a61ba5f35e0d,Using ai to streamline campaigning for the senate,CSDS
58708aff-34c5-422e-9860-198221fc40d1,View of dagon in promoting liberalism,CS
286cc35d-ee65-4b93-92f3-7481653e6491,Security analysis of singing melancholy songs,CS
a6f4e0d5-4196-4f8a-8c1e-4db8d00c594f,Using excel to analyse patterns in setting mousetraps,CSDS
8ba3f912-1ae9-434e-9226-18b46b8ad672,Using ai to streamline explaining natural selection,CSDS
b58002cd-9a8a-42e3-8e94-15a3ef103d7f,Using rfid to improve playing rock guitar,CSDS
0ad44818-420c-4679-812f-d6b4dbd06e91,Using excel to analyse patterns in falling gracefully,DS
b1dd58fc-e81f-4423-b3a4-e352d8df5d6f,Security analysis of promoting humanism,CS
768d7951-5669-4a23-bedd-09dcfabb7b44,Using rfid to improve studying genetics,CSDS
e44d355d-3b50-456d-a93c-c4148691bc4e,Security analysis of Research Activity,CS
9dc7678a-cf37-44e5-a30c-0bad9f2170df,Using ai to streamline meddling in the dark arts,CSDS
dad5a11d-3bdf-48ae-9925-d00014ad38a1,View of dagon in writing erotic fiction,CSDS
5158fca9-816a-4ca3-9fdc-19bc26366626,Worshipping cthulu in designing modern buildings,CSDS
ef280ec5-1e5e-46eb-ba26-ad070a2522b8,Using rfid to improve giving speeches,CSDS
616d01be-ebac-4405-bcde-7f6ccf5c0c01,Using excel to analyse patterns in starring in romantic comedies,CSDS
01fc5899-0754-4903-b620-9fcf1c220467,Using ai to streamline exploring the new world,CS
d1e70a88-c45f-4f0d-a5e7-821773f48359,Security analysis of changing sides,CSDS
5c45a061-8d83-4864-87d4-2877cd92d79b,Using ai to streamline winning gold medals,CS
7d8b7d0e-475b-413d-9a75-f881f8c08c6c,Security analysis of writing compelling dialogue,CS
8a10d3f5-3f3d-4174-aa9a-e5152331c5b9,Using rfid to improve ranting about politics,CSDS
72faec93-4eaa-4719-8c55-0e2f19df83ac,Using rfid to improve starring in Hollywood movies,CS
55414eaf-ab18-416e-b555-65ad91b2e711,View of dagon in writing scripts,CS
f092d13e-0ba6-4862-a0f5-ec55fb7a1234,Using excel to analyse patterns in terrorizing prostitutes,CSDS
dea8e66a-bb41-44f8-88e5-85cca198dccd,Using excel to analyse patterns in singing rock songs,CSDS
c84ca001-f77a-4f42-938e-d1f0663e4895,Using excel to analyse patterns in ranting about liberals,CSDS
e2da1767-f211-4cfb-be4d-77bbc485c7bc,Using ai to streamline playing soccer,CSDS
2d7c482f-3a3d-4c86-8c73-8810207aea10,Worshipping cthulu in writing about sex,DS
de7930a2-97aa-457b-bda3-9d25352e35de,Worshipping cthulu in writing short stories,CSDS
805d828b-c35f-4b1e-9425-b07f12903ddd,Using excel to analyse patterns in smuggling contraband,DS
86bdd5d3-0ddb-467f-a968-6009aef71f80,View of dagon in disappointing the family,DS
ddfc0434-3822-4fba-bc87-bc18cf7f52d3,Worshipping cthulu in competing in athletic events,CS
3f1a338f-4c9c-46c1-9cde-229d60d1b627,Security analysis of starring in Hollywood movies,CS
fca27dcf-5797-478b-9c52-328a8e523805,Using excel to analyse patterns in running an empire,CSDS
02c2f9b3-991b-4743-83b5-3c2f98bcffb4,Using excel to analyse patterns in ranting about liberals,CS
72251155-822d-4b93-9e4c-cfce77f61ebe,Using excel to analyse patterns in starring in romantic comedies,CSDS
c6b4cc75-7a38-4319-b197-484851428c16,Worshipping cthulu in starring in Hollywood movies,CS
ea71979c-0e81-4119-a190-3e65a9565f62,Security analysis of avoiding growing old,CSDS
0529ea85-f11c-4a42-9a6b-a17bebb76e72,Using ai to streamline studying genetics,CSDS
23f30004-ddaa-478a-8b92-f8af9228ac93,Security analysis of singing middle-of-the-road songs,CSDS
bfa84059-1290-468f-b7de-e0589bce72c6,Security analysis of winning boxing matches,CS
de261dce-5fc4-42ec-9094-9f4a9708ad36,Using rfid to improve promoting conservative values,CSDS
2a417ae2-e5af-486e-89ac-136ac7cf9f86,Using ai to streamline telling dry jokes,CS
cedf0686-6aa6-4734-b074-97ef24f709ef,Using excel to analyse patterns in analyzing murder scenes,DS
63467cf0-f612-44d9-81d6-095ffeb7bcf3,Using ai to streamline running a dictatorship,CSDS
091b68b0-1498-4ee7-8d22-caee7926f730,Security analysis of studying symbols,CSDS
58b80654-091b-4bee-8fb2-7b2b791fc4b4,Using ai to streamline playing jazz saxophone,CS
3c336692-1f41-4b95-a3aa-49f55d2280a8,Worshipping cthulu in starring in comedies,CS
2295c8c2-42d4-4e1c-a0c3-a629eddc044f,Using ai to streamline playing aggressive chess,CSDS
6a250dea-4139-4737-95da-301f86fb2fb8,Using excel to analyse patterns in promoting conservative values,CSDS
e60c0d25-cfb1-41f0-a179-556bebe24b5d,Using ai to streamline moaning about men,CSDS
30cdb5aa-8319-4e6b-ad77-06aefffeab7b,Using rfid to improve promoting liberalism,CSDS
6f295327-507d-4b8a-8fed-bbdbae420ad0,Worshipping cthulu in running a multinational corporation,DS
d02f2e9e-ff61-48cb-90c3-c38d52e8ec8c,Using rfid to improve spreading fear,DS
7ad1bca9-701b-49fc-b441-bebb3dd4bbf6,View of dagon in attending cocktail parties,CSDS
e96968ba-c0a1-4505-8417-57de4657d27b,Security analysis of starring in Hollywood movies,CSDS
66c7d76f-ddd3-49dc-8682-793aab169001,View of dagon in starring in TV shows,CS
029aee86-cbc0-447b-802a-9d04a02edf46,View of dagon in starring in action movies,CSDS
f882b233-a0f7-4ea5-82da-a243c07ba47d,Worshipping cthulu in mooching from neighbors,CSDS
891aa1af-decf-4b3e-853f-2f704ce800b6,Using ai to streamline drinking Duff beer,CSDS
5068de87-3569-4d83-91d3-7b16e9e0fa8d,Security analysis of ranting about liberals,CSDS
2cc3d946-3e54-4bbd-a0e2-de8a678f2eaa,Using excel to analyse patterns in coasting on past glories,CS
09472718-8a2e-479b-9199-fb8901cb9fc4,Using rfid to improve campaigning for the presidency,CS
16514976-8217-43b2-b408-488aafbab841,Worshipping cthulu in dating centrefolds,CS
8ab58113-1eeb-4ecd-989d-dd52c25cca72,View of dagon in hunting raccoons,CSDS
e13955d4-de23-4a10-8dd5-6b1660e2dd7c,Using excel to analyse patterns in working out,CS
c280105a-468c-4e78-b868-ddab2824b113,Using ai to streamline preaching to presidents,CSDS
456f183f-4707-4cd3-b04b-eb85a341ae97,View of dagon in starring in indy movies,CSDS
2c51646a-641a-4c84-96cd-fbd0be827747,Using ai to streamline writing poetry,CSDS
1af1ca7f-cd21-4df5-a8b3-13da0fe0efe5,Using ai to streamline pursuing criminals,CSDS
fcb6beb6-25bb-4b4a-bf75-28d3d398e0cc,View of dagon in starring in Hollywood movies,CSDS
47256d71-d641-4edc-ac84-6386e2e27501,Using ai to streamline talking up the economy,CSDS
23a16557-a624-4d9b-827b-0f4548c9ae87,Using excel to analyse patterns in studying the cosmos,CS
0cebb2ed-5b24-4ac8-a5b3-e780555df31c,Using rfid to improve painting over photographs,CS
49c20f6c-a43f-4a0e-8f56-9627b3caf7c1,Using rfid to improve promoting feminism,CSDS
064ea410-6a85-46c9-a2dc-21866126b8e2,Using ai to streamline directing movies,CS
27a2b26a-e5bb-4411-aa49-6128e7596df0,Using excel to analyse patterns in starring in comedies,CSDS
c5d168d7-dba0-4349-9e18-ff1ace66c066,View of dagon in promoting conservative values,CSDS
ec00b7c4-2c9f-4260-8b8d-57c4f055df60,Using ai to streamline ranting about liberals,CS
3909266c-6911-4541-8db4-0a41e8130efa,Using rfid to improve escaping from water tanks,,CSDS
751623c4-3b0f-4140-bbbc-38cf16e74320,Security analysis of fighting for justice,CSDS
6330a5eb-0c14-4ff4-8d54-546c1722b4a3,View of dagon in worrying about life,DS
8c8d3cfe-92a8-49dc-8556-662f32fca150,Using ai to streamline performing magic tricks,CS
5e582a80-66d5-4670-b166-5fc3229a9bb4,Worshipping cthulu in escaping from handcuffs,CS
37a481a7-03a7-4c66-9496-c3b237b88f0c,Worshipping cthulu in performing magic tricks,DS
99b96be1-7398-46f9-b0eb-50af9cd856c2,Worshipping cthulu in writing erotic fiction,CSDS
16fb60a9-319c-492b-8247-93d779ba0582,View of dagon in defending plaintiffs,CS
272b2a00-ce31-44e3-a1f6-90bcc15a2d90,Using excel to analyse patterns in singing middle-of-the-road songs,CSDS
f04c3324-3749-4ef2-8357-1321109fbc75,Worshipping cthulu in promoting Eastern philosophy,CSDS
364e4050-f542-459c-911c-4a09bd5dba5e,Using ai to streamline singing rock songs,CSDS
32c4ada1-cd16-45f3-b9e2-630a9971948d,Using rfid to improve writing about history,CS
ac8a587a-baf3-4466-96dd-2f51e73ea418,Using excel to analyse patterns in promoting Buddhism,CS
eeb784c2-5410-4c8e-ab8b-6f0f0429012d,View of dagon in hunting raccoons,CSDS
5a5dddee-cfd9-4c87-8400-c00bf99a57ad,Security analysis of shouting in Hollywood movies,CS
4f0df566-61e0-473f-8db6-42821b682de3,View of dagon in talking up the economy,CS
bebeea03-4cf4-4932-bd72-8072ab499581,Using rfid to improve popping Viagra,CSDS
2098579d-3213-4930-b584-951f97998668,Security analysis of studying magic tricks,DS
582f4bcb-009c-4437-83e4-a7160a52b277,Using excel to analyse patterns in promoting Eastern philosophy,CS
f9d3c9e9-a6dd-4cc4-b1b5-ca82af8f2cd4,Security analysis of selling illegal alcohol,CSDS
d8506ba6-961e-4f1f-a21d-84c74fd8d2e4,View of dagon in promoting hair products,CSDS
252bf619-f4fc-47ce-88b7-eb42ca2df004,View of dagon in attending cocktail parties,DS
5f88dcb8-ab9e-4608-8686-8ca3cd64765a,View of dagon in promoting Eastern philosophy,CS
727a96a5-d133-489d-9e71-bd6f49d1e0d9,View of dagon in starring in Hollywood movies,CS
9390d85c-e105-4e80-99d5-c80a621db298,View of dagon in womanizing,CS
9798b1bd-774b-4d11-a236-6f092fcf8801,Security analysis of avoiding eye contact,CS
bad70a15-cbf4-41cd-baf8-3bb632c0c999,Using ai to streamline complaining about life,CSDS
9327259a-4d7d-4d32-9147-a8371453d26f,Worshipping cthulu in working out,CS
2f9b6b1e-3706-4b1c-b8fe-e59bc2de06a7,Worshipping cthulu in playing classical piano,CS
677cc32f-41f6-4663-8acf-66e5900189f1,Security analysis of ranting about liberals,CS
4ac41e18-f564-4719-9755-8f5cd6011927,Security analysis of directing movies,CSDS
08899cc7-812c-45ff-a303-6946a1a07cb9,Worshipping cthulu in deep-frying chicken,CS
749138a4-6baf-48fd-b62d-f86be196aac9,Worshipping cthulu in investing in real estate,CS
2b7c2101-74df-4a89-a292-8a0e8ff6b829,Using rfid to improve chasing rabbits,DS
caeffa6b-0815-4eb8-af90-466e21df5c54,View of dagon in writing comedy,CS
49548c5a-fb39-4ed9-a095-ca848e42f48b,Worshipping cthulu in tracking down fugitives,CSDS
65680436-8cd3-4991-b2db-147e8725c503,Worshipping cthulu in writing about social problems,CSDS
29e8b8bb-0cba-45b8-8ce9-f19ddad0d36d,Using rfid to improve gyrating hips,CSDS
64ebe5f2-df90-42c5-aa08-e84ac536291d,View of dagon in starring in Hollywood movies,CS
490f9bcf-cbb8-4cb6-8896-05b4dfbdeb71,Using rfid to improve flirting with rednecks,CS
00257007-fb58-43d1-a7c4-e324ac9190da,View of dagon in starring in romantic comedies,CS
2c54552b-7dbe-4ed3-b387-3f2e69946e05,Using excel to analyse patterns in writing erotic fiction,CSDS
02db3ec1-67d3-4536-a79c-818b575d2b3e,Using excel to analyse patterns in starring in Hollywood movies,CSDS
98e313a5-8b22-47ee-b4d2-a6cad16de501,Security analysis of starring in Hollywood movies,CS
e6095337-645b-4f22-8ad8-f56a337a26a6,Worshipping cthulu in campaigning for the senate,CSDS
3defa882-ff93-4bda-9e2c-c6e86c6ffe27,View of dagon in promoting capitalism,CS
e7a51b2f-5ed3-4d35-8eec-7edcfe2d2cb1,Security analysis of starring in romantic comedies,CS
a5951846-f1e1-4960-9331-bc46b5b082f0,Using rfid to improve representing the disenfranchised,CSDS
7b64086b-f2c7-48ab-8cb3-36eaf8e935d6,Worshipping cthulu in following clues,CSDS
28e10d19-d388-4265-bde3-4fcdc1dbf0e2,View of dagon in running an empire,CSDS
9441006d-0ca1-405f-8b94-2cfd077d8deb,Using rfid to improve racking up marriages,CSDS
97ce76cd-c4ee-41de-a119-660e3498926b,Using ai to streamline plotting strategies,CSDS
e0c2fbae-93a4-4096-9505-de3da8f5ddc3,Using ai to streamline pushing dodgy operating systems,CSDS
20ae7426-ce5e-4443-b1ed-08efdc04e7dc,View of dagon in spreading philosophy,CS
1bb6b61a-82c1-473e-a6c5-a1b754dd3753,Using ai to streamline playing tough guys,CS
acba5902-a1a5-41c2-b4be-a556d6965cc8,Using rfid to improve chasing interns,CS
01706ae9-0fd5-4205-9b99-a285df2ff4b1,Using excel to analyse patterns in painting over photographs,CSDS
7935929a-a3f3-4228-9a1c-7760d1f882aa,Using rfid to improve defending freedom,CSDS
93dee48b-56de-46bd-bb34-f6027350bf75,Using excel to analyse patterns in attacking paparazzi,CS
4df9ef6c-b37b-457b-9d8d-888f3cf53326,Using ai to streamline searching for a new world,CSDS
2b921b8d-0ec8-4abc-a458-93776c1a8825,View of dagon in promoting capitalism,CSDS
0b686c68-b1c3-49c5-ae3c-4b0a3fe4f0ec,View of dagon in chasing interns,CS
0e23cf45-e0b3-4186-8677-2c27e0022f8c,Security analysis of living amongst apes,CS
d6354125-f547-4ecd-9578-4c0eddd41e91,Security analysis of winning gold medals,CSDS
c4069374-c1f1-43da-8fb2-8512a9cbfb1b,Using ai to streamline hitting home runs,CS
0cd42ba5-1531-4555-8901-da923ee3dfcd,Using excel to analyse patterns in singing country music,CS
17e85bba-5660-45cd-91ba-ece8935ef4c8,Using excel to analyse patterns in singing pop songs,CSDS
4e28dab0-4f80-4971-9a07-9a9ed123e632,Worshipping cthulu in pursuing criminals,CSDS
6b5228fb-9cc5-413e-93d8-99cd93784968,Using rfid to improve fighting civil wars,CSDS
c237728b-abde-4f9d-acde-7d4f3f26fd60,View of dagon in proving math theorems,CS
ef2f8292-4aad-49fb-837a-ab2a32d1b422,Security analysis of singing rock songs,CSDS
1460300c-bf15-4d41-a073-01248c5b6c5c,View of dagon in singing pop songs,CS
85256d75-f460-469a-b563-3a3786bf7522,Worshipping cthulu in campaigning for democracy,CSDS
3ee5eb1f-2978-4816-a813-30f62143f8e8,View of dagon in smuggling contraband,CSDS
62004405-460c-4ff4-96a0-fe5f4b925784,Using rfid to improve starring in action movies,CS
0da36b0b-3971-4468-9038-da936d3e48e5,Using rfid to improve playing golf,CS
2fa9277b-dfb4-4628-a432-78b2875f4ba8,View of dagon in worrying about adultery,DS
a3db7618-a617-4a28-8a3d-7a12afdff0aa,Using rfid to improve running a new-age website,CS
fc1b112b-ceee-413f-95a2-8ba42ef9eda7,Using rfid to improve playing tough guys,CS
e4ea716c-4231-4ab1-b604-9eb1d0a05d84,Worshipping cthulu in promoting Objectivism,CS
0fb752ad-92f3-4027-8830-1cda75dfdd78,Using excel to analyse patterns in starring in reality TV shows,CS
82417071-5935-4605-8ff5-5e5ed7c0dda6,Using excel to analyse patterns in starring in reality TV shows,CS
725b8c56-e2a8-459c-815e-e1ad422f33e2,Using excel to analyse patterns in running an empire,CS
089bfd81-95e6-49b8-84df-01d07360a8d9,Using rfid to improve lying on the stand,CS
c5152b32-7044-4cd7-a8ff-7d05e307ef5a,Using ai to streamline starring in Hollywood movies,CS
e9909909-c4c9-4cb2-91c6-fa10332cb4f2,Security analysis of preventing terrorism,DS
37f2b3b2-ce78-4c7f-98b1-132fc990ca97,View of dagon in running a movie studio,CS
9748f64d-44b8-4b09-9d41-b47eca255e0c,Using excel to analyse patterns in singing rock songs,CS
448fadc3-4bcc-4ff9-bfa9-59a24c32f789,Security analysis of writing short stories,CS
81efa14d-6b4d-4b93-b1bc-171ae5eb9de2,Using excel to analyse patterns in singing pop songs,CSDS
d8403254-a4b6-46cc-95c2-261a4200085d,Using ai to streamline wearing tights,CSDS
2bd21f37-ded4-4993-af4e-128d8aebaa84,Using excel to analyse patterns in promoting liberalism,CSDS
0493c781-4edd-4945-9acf-c889093e89ab,Using excel to analyse patterns in ranting about politics,CSDS
f585b20a-2330-498b-b2a6-bf8eac87d24b,Using excel to analyse patterns in smoking herb,CSDS
037e17e7-d4a2-459d-a78c-05080f63b490,Using ai to streamline promoting capitalism,CSDS
867f21ac-a06d-42d8-bf96-00d4e6ab7a7c,Worshipping cthulu in drawing political cartoons,CS
a4c8b59d-a92d-4fb9-91b0-1f814e70f7b8,View of dagon in womanizing,DS
4b291cce-77fa-4a60-8f4c-70c10a697958,Using rfid to improve making new wave movies,CS
57de4270-4b27-450f-8be3-0d77ee4301dc,View of dagon in telling dry jokes,CSDS
4a71838a-3ee1-499f-88d7-45d4e5eb8591,View of dagon in amassing ill-gotten wealth,CSDS
6b0d7b82-9c20-4aa0-8202-f67ee0af8e05,Security analysis of telling affable jokes,CS
3a039304-1002-48a6-83cf-4040244a9c49,Security analysis of starring in Hollywood movies,CSDS
1a94f4b2-528d-44d0-95e6-1a0a9ab68bb7,Security analysis of worrying about adultery,CSDS
5e0aff7c-1306-4114-a6ff-74b2aebac86f,Security analysis of making dumb comedies,CSDS
b8814969-471e-4be1-9811-f7f8a83a2e16,Using ai to streamline telling affable jokes,CSDS
a3a3fd53-22db-4db6-8315-be0d0e975bfb,Using excel to analyse patterns in playing rock music,CSDS
f2a776b0-df3d-4007-9204-1061bcb52dea,Using excel to analyse patterns in hosting a late night chat show,CSDS
6a1f0bcc-82e9-4854-9f32-1b11da89b322,Security analysis of proving math theorems,CSDS
3b484e73-5b88-4b1a-8f5a-888963abeebf,Using ai to streamline winning Michelin stars,CSDS
9a847b3f-f5b8-41ee-ad3b-8d35f03a2ce1,Using rfid to improve telling affable jokes,CS
89b230c9-81fd-48af-a2eb-0095b17debf3,Using ai to streamline collecting shoes,CS
e37c9676-8cf4-4ddc-8704-ac11e502f798,Security analysis of adopting children,CS
f4a5df03-ca22-435b-9e61-4e3abf2ab343,Using rfid to improve running an empire,DS
18a59193-e369-4bc6-b4ab-ecc9335775ea,View of dagon in doing stand-up,CS
c5608e2f-538f-414a-873e-503cf0f55e00,Security analysis of managing hedge funds,CS
72b80d32-95a1-41d2-ad5f-f24d714e44c5,View of dagon in managing hedge funds,CSDS
ff7d2231-ac50-46c7-842d-ad16136f2210,Using excel to analyse patterns in gadding about town,DS
a6eed2bc-b5b5-4b6a-9153-01604fdb4468,Worshipping cthulu in studying symbols,DS
9e77b0cc-dc2e-4c8a-bf35-bf6e532ae2d6,Using rfid to improve hunting rabbits,CSDS
4b6b082b-c137-419b-8285-cee3c9950bac,View of dagon in drinking Duff beer,DS
c99aefef-5f2c-4c15-8882-8557e6cd3781,View of dagon in chasing terrorists,DS
927e8a59-b558-4d1d-885c-84ef28794742,View of dagon in rescuing aristocrats,DS
14eb0282-f61f-44d6-b74f-55755ec72932,Using ai to streamline eating census takers,DS
c02806a3-1dc5-4674-9cb7-01ff36f38015,Security analysis of making idealistic movies,CSDS
d284e47d-83aa-451f-a9f7-1adf693caceb,Using excel to analyse patterns in chasing old women,CSDS
4b459b04-09ff-4276-93c7-6923f4c4c948,Security analysis of modeling DNA,CS
8a086aa4-0e94-4b41-b817-b98cad4ae127,Using excel to analyse patterns in keeping a diary,CSDS
96ee739f-f3de-46f9-898f-8fd67bb68f19,Security analysis of writing plays,CS
7af14310-9a1e-4f08-9414-feab2d0ad9b7,Using rfid to improve writing modern fiction,CS
aa1cb329-f4b6-40c9-ba9c-e36620eff46f,Security analysis of popping Viagra,CSDS
d11478b0-d102-44d4-be09-a1ad59d2ea69,Using rfid to improve painting over photographs,CSDS
3fc8bb76-d781-4f31-9f79-4d1d4e678aad,Security analysis of writing modern poetry,CS
71d06e24-8868-46bc-8e9b-f8e3cad35708,Security analysis of writing blues songs,CSDS
7d9dc7d7-71eb-4755-8938-c9d49ca9f9f1,Security analysis of leading revolutions,CSDS
b5734f7a-e0a5-4f65-9705-d5a7b048d0bf,View of dagon in meddling in the dark arts,DS
61a0e92d-824b-4f39-ab07-5af0dee877ea,View of dagon in singing romantic songs,CS
abdd3888-3d15-48a6-b56e-eecd4a4f24df,Worshipping cthulu in singing romantic songs,CSDS
b35e2768-89c9-43fb-bb7b-5fb5a079050b,Using excel to analyse patterns in tossing coins,CSDS
8fe0dbbd-17ab-4868-8a4f-08b158e27516,View of dagon in signing sports memorabilia,CS
98c9b1c0-6354-4158-9a0a-a4eaebae71d0,Using ai to streamline dating centrefolds,CSDS
4dfffb58-cc1b-4610-9e28-58cbd993ab14,Using ai to streamline moaning about men,CS
e1a333b7-c083-43d3-bc0b-a6f9c1179da9,View of dagon in twirling a cane,CSDS
032c413d-7e50-460e-9e0e-487ecfe1f557,View of dagon in singing country music,CS
7c53e7c1-aa3a-4f81-8b96-9174b612f776,Using excel to analyse patterns in studying the cosmos,CS
6e7985cf-ee75-4406-bca7-30f4f040f80f,View of dagon in spreading philosophy,CSDS
06ff3f49-c778-47f2-b488-95c2496ca8b0,Using ai to streamline starring in Hollywood movies,CS
27ac40e5-edb8-424c-bad4-0f0e031a38af,Worshipping cthulu in reporting for The Daily Planet,DS
2a3baa3d-fd50-498e-a0e1-8b6c06a3e12f,Worshipping cthulu in teaching magic,DS
c7745b98-6017-4433-b672-3ef1e242519a,Security analysis of writing about history,CS
4a502e33-d20b-4182-ad15-d7b7931cbccd,Security analysis of avoiding eye contact,CS
3609c7cc-e8b7-445c-a5d6-1355b952e662,Using rfid to improve making suspense movies,CS
9d1496d5-56e4-4833-9db2-932085911bee,Using excel to analyse patterns in fighting for civil rights,CSDS
8bf286cc-0fa0-495a-b4b3-bd32345d9ba6,Using excel to analyse patterns in lecturing about climate change,CSDS
42b1496b-9924-4860-b389-3636e12afa1f,View of dagon in talking up the economy,CSDS
58f7e011-8a9e-4e65-bd78-e867e49e8b04,View of dagon in promoting conservative values,CSDS
2ce04769-9c80-4b00-a9d9-3869b90fc5a5,Security analysis of writing plays,CS
d21fb67d-b1f5-4acf-8c56-5c35c80505ee,Security analysis of assassinating presidents,CS
b8eb5baa-35d7-41d2-a411-a76a338348e2,Using ai to streamline writing poetry,CSDS
e9af7cb4-3c54-4a95-8290-177fda9eb66f,Worshipping cthulu in writing epic poetry,CSDS
041167ab-eaf6-46fb-ab13-c00e8a61d34f,Using rfid to improve promoting boxing fights,CS
a4366eba-9aaf-4fcc-9017-389621ac55e0,Worshipping cthulu in solving crimes,CSDS
ce598b7e-5f59-4114-bdb5-9abbcd753222,Worshipping cthulu in singing country music,CSDS
9a3369a0-66fa-4e13-834e-8645cb8add3a,View of dagon in singing middle-of-the-road songs,CS
27aca762-17f4-4bf2-8bc1-7a9ad9d81f2a,Worshipping cthulu in escaping from handcuffs,CS
87c88995-0ed2-426b-a3f8-cc70909b80d0,Using ai to streamline running an empire,CSDS
2017baad-e2a5-4526-aaa5-c2033cf31ed2,View of dagon in crooning love songs,CSDS
ec6cc7c8-66b7-4fa7-8df5-fb7e06ef05d7,View of dagon in solving crimes,CSDS
cf4ef222-7e85-4b35-b0ac-052b458e422e,View of dagon in promoting Darwinism,CS
2c039ff3-635e-4462-9123-a0273fc3da58,View of dagon in starring in reality TV shows,CSDS
404a1d07-03a1-4674-933d-cb61d22024d1,Security analysis of starring in romantic comedies,CS
b216e7a7-291f-4cc8-b22d-4c10c6916ae1,View of dagon in campaigning for the senate,CS
c8d14bee-a8d7-4441-9769-151a5c3b7506,Security analysis of running a hotel,CSDS
ef5e3b21-c709-4dff-a625-47d92149527c,Using ai to streamline writing crime stories,CS
7361b236-b909-4c6e-af30-9c3844074ff4,View of dagon in starring in romantic comedies,CS
f1492c5e-1cb4-47dd-9d63-0499f00ac1bd,View of dagon in eluding authorities,CSDS
83785ed8-a0df-42e3-9d6c-3e83b24ae913,Using excel to analyse patterns in jumping over buses on motorbikes,CS
560fec36-f047-4c67-832d-5553add37248,Worshipping cthulu in making billions,CS
ee871411-c8e0-4fd8-88e0-0bd148141d7f,Using ai to streamline starring in action movies,CSDS
61beb3dd-86f2-45d3-9c7d-f64c9d8b7599,Using excel to analyse patterns in building giant walls,CSDS
ea857d23-2012-42aa-adb3-55a89afc33e3,Security analysis of terrorizing citizens,CS
e14dfb01-67a6-4e6c-a232-829d0e431304,View of dagon in playing pranks,CSDS
0379c0ec-afe7-4bab-b71f-05a4ae2df368,Using rfid to improve rescuing aristocrats,CSDS
fbd680e4-f1e4-4762-bff4-a8f607e93428,Using excel to analyse patterns in arresting bootleggers,CSDS
40d0b548-3b25-4b8e-b5f2-090ba6e213c2,Using ai to streamline eating people,CSDS
a189160b-6451-4eed-9b50-04e1577d5a1c,Using excel to analyse patterns in painting soup cans,CSDS
1f9c0503-d078-47b8-9f9e-621d5802cfb8,Using excel to analyse patterns in making suspense movies,CSDS
570e1e89-4021-4305-bae1-091d66a1ee86,Security analysis of jumping over buses on motorbikes,CSDS
5b2d0322-1586-4627-ab81-71a68e001b39,Security analysis of stabbing in the back,CSDS
42be656e-b3ed-4e9a-97f3-71c73d3aa14a,Using ai to streamline hunting rabbits,DS
2921bd15-16df-40b0-b96d-a693c60b9c55,Using excel to analyse patterns in writing for pulp magazines,CSDS
d5dc0ec6-3a4a-4a4f-b254-7d8da5b333ad,Security analysis of staring at the moon,CSDS
029a88c4-626a-49eb-b87e-dd3faa4bead8,Security analysis of directing the business of state,CS
88fc1bcd-7c4d-445d-b5e7-3f37e74e5638,Using excel to analyse patterns in falling gracefully,CSDS
c6b90a4c-b68f-48d6-8b7e-1f8adb86859c,Using rfid to improve running an empire,CSDS
47e167ec-d7ae-45c3-b626-5ff0644c892d,Using excel to analyse patterns in extracting confessions,CSDS
5eab6c93-6c89-4fcc-9176-86942709abfc,Using rfid to improve seducing emperors,CSDS
c1ce307a-4b37-4f2a-8d5e-933208e37def,View of dagon in watching TV,CS
7b1c3313-c55e-4ba3-affa-0a373c0e13fb,Security analysis of starring in romantic comedies,CS
5c55afbf-bdd7-40de-93fa-4973dd170be7,Security analysis of playing soccer,CSDS
a15a759d-917a-497b-b01e-c15bde51dad8,Worshipping cthulu in keeping a diary,DS
38b0ab0b-8b49-446e-a332-93ae946f5fc2,View of dagon in working out,CS
7eba61a7-6685-48be-b73c-c5ddb75c71ac,View of dagon in making bad movie choices,CSDS
fe961783-2d0f-4425-969a-658e22426799,Using ai to streamline composing classical music,CSDS
2ff0ae2b-15bd-4a31-93fc-f23993864d48,Using rfid to improve promoting Eastern philosophy,CS
d88ecb2f-9b95-4e42-9162-223a30aee1c6,Using rfid to improve leading revolutions,CS
1bf930c6-0ecc-4b36-9e3a-ebb8656ab20b,Using excel to analyse patterns in starring in romantic comedies,CSDS
4dbb9b0d-6a4e-472c-9049-541300468ae1,Using rfid to improve crooning love songs,CSDS
e407d764-e769-4ca5-a288-0f4b4b5a6eba,Security analysis of treating the sick,CS
c1f2c18f-0b8c-4667-9531-20535650b845,Security analysis of recording history,CSDS
7bd59a12-f85f-4ddc-8933-17e872921daa,Using rfid to improve playing aggressive chess,CS
81d28c8d-9551-4834-b612-8c7c6fdc2a3d,Using ai to streamline escaping from water tanks,,CS
ce28f97a-f7bd-41de-9607-9f1f6da25d6f,Worshipping cthulu in watching TV,CS
fdf5c536-7ad0-411f-a159-8fa6760fa318,View of dagon in winning gold medals,CSDS
b6dcb03d-baec-4624-a141-36d55f915587,Worshipping cthulu in explaining evolution,CSDS
a236a5f9-cc2a-4999-a58f-2db8a7bf5521,View of dagon in starring in romantic comedies,CS
2438a2ef-ea64-458c-b25b-ac51fd0dfcee,Using excel to analyse patterns in performing magic tricks,DS
3547ffbb-d195-4581-a4ac-e380d7346b14,Using ai to streamline spreading fear,DS
ee1192fd-b908-44fd-a97b-9ffa037d4a3e,Using rfid to improve fighting for civil rights,CS
b23454ea-728d-44e3-b202-1fcbeaf666f4,View of dagon in womanizing,CSDS
36090127-4da4-4c52-bb9b-144aad0923c8,Worshipping cthulu in having meltdowns in public,CSDS
67ed2c75-3df0-49af-b09d-7a15932795f7,Security analysis of plotting strategies,CS
0ae8e0fe-378b-4a68-a0b9-40bfa2a9fe0a,Using excel to analyse patterns in writing compelling dialogue,CSDS
11dd0ecd-48f9-4b96-a628-cd0034e06c90,Using ai to streamline punching out Nazis,CSDS
b988db69-a6e9-4aaf-8a61-c5311546743e,Security analysis of wearing tights,CSDS
40844942-baf5-452b-a4fd-1ec1986b0a8b,View of dagon in singing country music,CS
2a9d7a6f-a9bd-4e90-a141-b759549d1716,Using excel to analyse patterns in running a newspaper empire,DS
7e27212e-10d3-408b-9792-3c98e4e9d49e,View of dagon in racking up marriages,CSDS
1d3e652b-7b09-4c64-a07e-4ed8b7e82e45,Worshipping cthulu in starring in indy movies,CS
09984375-f8fb-4f0b-a711-e36e79f67482,Using rfid to improve smoking herb,CSDS
cba6d5e8-e3a2-4205-8b3e-88395b136a0a,Using rfid to improve selling consumer goods,CS
45a5cabd-2259-4167-b671-8aec23af2cd4,Using excel to analyse patterns in searching for a new world,CSDS
2a64d68b-5e95-4b13-b9eb-1aed0f2c16d0,Using rfid to improve publishing newspapers,DS
225bd053-645a-4086-a2a5-db6d51057d8a,Worshipping cthulu in writing purple prose,CS
3d395769-0fcd-478a-be28-b3e38ebe628e,Security analysis of eating the inedible,,CS
c51bfdb2-36c3-4473-87e2-edd93a9edd26,View of dagon in writing pot-boilers,CSDS
bdcf4497-2cb9-4d44-8317-d26d5a27de6a,Security analysis of singing romantic songs,CSDS
81f95996-63f1-441c-a988-54130197488a,View of dagon in maintaining a secret identity,DS
62e9754f-e71e-40f1-bd9d-63a21265bd0d,Using rfid to improve worrying about adultery,CSDS
e3079b42-c68a-40d2-aa14-01337b4d5035,Using rfid to improve starring in comedies,CSDS
785bd5aa-a45f-487e-bed5-03e216349a5c,Using excel to analyse patterns in promoting hair products,CS
7960b0e9-5e2b-47d4-9071-2494d1946b35,Using excel to analyse patterns in playing aggressive chess,CS
8c033c7c-6c2f-49b6-bbe0-a4b29abf082c,Security analysis of talking up the economy,CS
dd7560c4-d248-4e67-b241-07a7270df119,Worshipping cthulu in promoting socialism,CSDS
7b4c1425-0629-49a1-960b-d3ef026ac441,View of dagon in seducing emperors,CSDS
5f053a44-bdf6-4340-b0b7-c51b2afb58b6,Using rfid to improve playing tough guys,CSDS
9bfce48f-9228-484a-acc2-fb2dffe6e88d,Using excel to analyse patterns in promoting big business,CS
5a8ec7a4-3122-4dba-af47-fd5be0d77212,Using ai to streamline playing aggressive chess,CS
267fac7d-e0ff-4b00-8284-acf6c0975db8,Using excel to analyse patterns in singing country music,CSDS
b9ed41b8-676f-409f-9deb-569ae1b49fc1,Worshipping cthulu in reading braille,CS
6ba6f8c7-49e7-4d88-87a1-1d94ff81655d,Using excel to analyse patterns in writing political tracts,CSDS
749a369f-2554-48a2-9606-18869a9c1809,Using ai to streamline treating the injured,CSDS
d20267cf-0e39-4e2d-b396-d2155942d46d,Using ai to streamline singing rock songs,CS
60ad5b78-6f1a-4fd4-88a3-82e3ca39e552,View of dagon in plotting strategies,CS
99222073-e948-41f8-ba1d-bb01e08cc840,Worshipping cthulu in playing James Bond,CSDS
7152700f-cac4-457a-8908-fe4d7bf94144,Security analysis of playing guitar,CSDS
4852e9d7-0f50-445e-b410-b79bc625dd98,Using rfid to improve starring in Hollywood movies,CSDS
a446e159-418f-4c92-ad0d-9fba50a7f866,Using excel to analyse patterns in starring in romantic comedies,CSDS
22b8417d-862a-4cb4-8eb1-ddab30d83c3e,Worshipping cthulu in working with nuclear materials,CSDS
707e7ba5-ed66-400e-b894-4bb434662f81,Using ai to streamline singing blues songs,CS
b832ad7f-13ce-462f-802a-1708f80afb8e,Worshipping cthulu in writing on wax tablets,CSDS
77308a78-a3a1-4861-a4a3-476ffb5aa7f2,Security analysis of piloting a spaceship,CSDS
baf84da1-e699-4685-bf9a-bc2c86d315a0,Security analysis of defending freedom,CS
97acf799-3bc1-4e0c-b414-6f4db9d7ea07,Worshipping cthulu in promoting capitalism,CSDS
a7c0d617-1652-4395-a601-9dc61d475df0,View of dagon in writing beat fiction,CSDS
a7d58ec3-da3a-4aa1-bc76-58c4d67a0df1,View of dagon in starring in romantic comedies,CSDS
73151d4e-c246-44d6-90e0-95fed10317b3,View of dagon in playing aggressive chess,CSDS
8d479d3f-2487-4792-bc54-21e9d35f00d5,Security analysis of ranting about liberals,CSDS
c00ad463-6808-466d-8c45-130112d816d1,View of dagon in running an empire,CSDS
0282fdb7-08e1-4af2-b0bd-029990aaefd4,Using excel to analyse patterns in climbing social ladders,DS
a1fb9f62-2255-4716-ab8b-b418eb3bdc9f,Security analysis of eluding authorities,CS
574567fb-63c7-4bbb-97e5-207b96909e13,Security analysis of performing serious acting,CS
1d48d6b0-1ac0-41e7-8ccd-3b3651c2bd66,Using rfid to improve writing about manly pursuits,CSDS
d7c89ed2-4717-4b62-ba35-cdfb06cc3b03,Using rfid to improve adopting children,CSDS
90d200b8-7b90-4a28-9729-ca6422a84a20,Worshipping cthulu in seducing emperors,CSDS
08d87bfb-e1fa-4ae3-aa54-d1802db06c72,Worshipping cthulu in writing about history,CSDS
9503c6db-c2bd-41e1-8d51-ac3d379048cc,View of dagon in tormenting muggles,CSDS
3dca1691-6758-4644-9241-5b187ae70c11,View of dagon in representing the disenfranchised,DS
ee1ac835-8c55-41a0-b4c8-0259de35a865,View of dagon in hunting raccoons,CSDS
a2b14e93-891b-4b03-91d9-20745c27a61c,Using rfid to improve arresting bootleggers,CS
8214b321-dbcc-4bec-8d99-acc438983e90,Using ai to streamline starring in Hollywood movies,CS
c59e9f58-54c5-490b-87e8-de2b90ae8d9d,Security analysis of writing scripts,CS
3b97a41b-3859-4cb9-a764-8df3ada6eb4d,Worshipping cthulu in designing modern buildings,CSDS
663fcb2e-71a1-4424-9395-70553e800749,View of dagon in womanizing,CSDS
13b51f20-65a8-46fe-9d84-33592a35e170,Using rfid to improve playing rock music,CSDS
698b39d0-7dee-4308-8798-c08b0e5834a2,View of dagon in pouting on camera,CS
30c13a39-f4df-4db1-88d5-33362155653f,Security analysis of defending the weak,CSDS
344ae33a-6868-4920-bf92-dd3b08135778,Using rfid to improve piloting a spaceship,CS
45e20bce-2050-4ee9-931c-b189579d6287,Using ai to streamline planning adultery,CSDS
8cc47493-a43e-4a37-b82e-ee1556977876,Using excel to analyse patterns in fighting for justice,DS
88ea725a-3be4-47ba-8c03-088a57d4d7e0,Using rfid to improve chasing old women,CS
a06a4e21-13f7-4b0b-92ef-0fe18cd51625,View of dagon in chasing interns,CS
1bec298d-fa8a-425b-beee-1a2472df2dc6,View of dagon in making insipid musicals,CS
cf6ee5db-06a4-4a6f-9150-01e213600b5e,Using excel to analyse patterns in piloting the lunar module,CS
6de8c2de-f362-4ad8-a41f-73e8be9c85cd,Using excel to analyse patterns in disappointing the family,CSDS
737b4459-ab8c-4eea-80f1-fb965b89c380,Using rfid to improve terrorizing citizens,CS
96379a5e-679d-4d85-b86d-c1f2e29b8e5a,Using ai to streamline starring in romantic comedies,CSDS
c5a35ccb-b9ad-4b8f-8e61-9c3eacd0aa34,Using excel to analyse patterns in hunting raccoons,CSDS
73c9f195-113a-4905-ad06-fbb7c8ab8e5c,View of dagon in defending the weak,CSDS
389e5cf5-c6ea-41a4-b533-9f69b3919e12,View of dagon in starring in indy movies,CS
08245ffc-aeaf-4c40-a17e-9dbfc51b9474,Security analysis of seducing women,CSDS
76986771-b665-42fe-9f7a-7544d5c71696,Using ai to streamline starring in indy movies,CSDS
9874769f-e11a-435b-92c4-8744ffbd8442,Using excel to analyse patterns in campaigning for the senate,CS
a93550f2-96a1-4850-a9c2-21875f1f0b84,Worshipping cthulu in starring in Hollywood movies,CSDS
d657a568-d0d4-49c2-b7d9-2b46274481c4,Security analysis of playing aggressive chess,CS
c5fc0799-d9cb-430a-a804-9fc8d14bf9ec,Worshipping cthulu in starring in comedies,CS
0a6b979a-aacd-401e-9567-c2c53750fb15,Worshipping cthulu in studying the cosmos,CSDS
82be3dfa-5b93-4ced-b3ae-1f2563bf2202,Using excel to analyse patterns in playing classical piano,CSDS
8d4d96da-e821-4257-b6bd-13b55b6d4e37,Worshipping cthulu in writing serialized stories,CSDS
13edbc2f-9804-4ad0-9337-c58e02627d70,Using rfid to improve promoting conservative values,CSDS
5f54bab8-5b1f-48e2-a1c8-cbd5c9296ccf,Using ai to streamline starring in action movies,CS
5fda5840-d724-4e30-a4cf-cb756d28bfb5,Using excel to analyse patterns in singing protest songs,,CS
eff37b36-3cd4-430d-b37f-706be3fa0736,Using excel to analyse patterns in crooning love songs,CSDS
2666d0b8-9c37-4a77-9c5e-5ed173b575e5,Using ai to streamline bodybuilding,CS
966df017-dcd9-4b52-9281-3cd3567c942f,Worshipping cthulu in signing sports memorabilia,CSDS
87224ef9-b27c-4c0a-a663-05dfc7807cee,Worshipping cthulu in promoting feminism,CSDS
d18d56c1-0181-42fa-a2b8-93e0bcb2009b,Using excel to analyse patterns in campaigning for the presidency,CS
db3ab0db-83ae-427c-9f41-31d5bfc52678,Worshipping cthulu in collecting bounties on runaways,DS
6fc78dfb-17db-441c-a713-a2fa4ddb2c09,Using ai to streamline painting melancholy pictures,CS
54fe4917-b2ad-46d2-9838-eaf456df3c60,Using ai to streamline worrying about life,CSDS
8066a6b5-c49d-4857-a092-bade01ae2bdf,Worshipping cthulu in writing plays about the middle classes,CS
72359d13-3cef-4dcd-bd96-5300d44f69a2,Using ai to streamline starring in Hollywood movies,CS
628d2304-0154-43c7-b4c3-6f35064f5d18,Using ai to streamline telling epic tales,CSDS
ae265a2e-f043-4b85-8280-1e3f80b2bebf,Security analysis of drinking Duff beer,CSDS
7897cb99-ebab-44f9-a192-b0d0ac52a964,View of dagon in starring in Hollywood movies,CSDS
67065f7f-9725-4929-8bfd-549450b979b6,View of dagon in wearing tights,CS
f9803b96-70bc-48ff-9336-7ee1de4b5550,Using ai to streamline starring in Hollywood movies,CSDS
e6b96bc7-b158-4318-b462-f962accdecf4,Worshipping cthulu in surviving in the 25th century,CSDS
71d8a2da-5e7b-4b6f-9b1c-ddb2e4260606,Using rfid to improve complaining about life,DS
3bf48df5-bd80-48ff-bbc4-8ddf1693de09,Using excel to analyse patterns in tempting fate,CSDS
ed0c7c3d-5860-44fb-9a96-d03aa29e6f2b,Using ai to streamline telling epic tales,CS
da67c983-8f6b-4134-a973-f86bd5673f8f,Using excel to analyse patterns in wearing tights,CS
b076b7da-56dd-47ef-ba81-9854f7ff8081,Security analysis of following clues,CSDS
6b38d1eb-494c-401b-b110-389deabfabb4,Using excel to analyse patterns in playing quidditch,DS
6c1f4678-4d85-4893-bb56-6f93bfc3f6e4,Security analysis of singing middle-of-the-road songs,CSDS
c306cc2d-831f-43e0-aebb-6bd91983794b,Using ai to streamline complaining about big brother,DS
7a5a3e0d-dad1-40e0-bcdf-ea6075c27ec3,Using excel to analyse patterns in telling affable jokes,CS
80d2b952-a6cb-4756-aafc-5633baaecc78,Worshipping cthulu in writing short stories,CS
92f26679-3195-4314-b753-67af91151719,View of dagon in writing modern fiction,CSDS
6cad2f4f-403f-460e-9f36-95c5fa6b6d0d,Security analysis of writing scripts,CSDS
33cd4362-2a7f-4000-8b4d-d0b36b4afbc1,Security analysis of duelling acrobatically,DS
18d7d441-da2c-4191-9af7-581315dbba1b,View of dagon in starring in romantic comedies,CSDS
6dbab3aa-acf4-4e61-be29-5043087b4dfe,Security analysis of playing baseball,CSDS
67a814f7-77f5-4a11-aa00-2118dde9c523,Using excel to analyse patterns in writing comedy,CS
122b0b4a-5d64-4491-ab6c-4a49aaa38bbc,Using rfid to improve commanding a whaling ship,CSDS
f6db8869-d15a-4c38-9ae4-7b564623ee15,Using ai to streamline making insipid musicals,CS
d138f138-9193-4200-9ac9-6b073f9d6515,View of dagon in shouting in Hollywood movies,CS
96d2dcbc-70a1-48ac-8fd4-4d86e9d274e4,Worshipping cthulu in performing magic tricks,CSDS
7b6817b9-660f-470c-8926-ee7cf1322f7c,View of dagon in preaching to presidents,CSDS
423d2915-c460-4194-ac22-3688c1f57223,View of dagon in hunting raccoons,CS
f37ac952-9664-433b-adad-7c61db138052,Using excel to analyse patterns in designing modern buildings,CSDS
91bb0806-aeb1-48b9-b745-ac8fcc86a615,Security analysis of singing melancholy songs,CS
f8cfb1d3-ff16-4985-9be5-b297ab0a61a8,Using rfid to improve writing scripts,CSDS
6ae1e63d-10e5-4a84-b091-88f546da310a,Using excel to analyse patterns in making action movies,CS
4d8c6735-b5d5-47dc-93d1-c422ff886f44,Security analysis of jumping over buses on motorbikes,CS
b82a6caa-2be4-4935-90ea-7445d7390955,View of dagon in directing movies,CSDS
f73dc5ad-6017-417f-a0c2-7fb3b86ae83f,Using ai to streamline chasing old women,CS
a438d1eb-b2c5-40b8-9523-c3808cfffad6,Worshipping cthulu in starring in comedies,CS
da349d7b-7b93-4fde-a459-fa87a044d820,Using rfid to improve spreading fear,CSDS
28fc235b-fec7-4ad7-a64b-d451c0ac612f,Worshipping cthulu in maintaining a secret identity,DS
58917438-9dc8-42a8-bd52-265e91be7c2b,View of dagon in starring in comedies,CSDS
15692667-bcc9-4114-80b5-234ffb299f71,Worshipping cthulu in setting mousetraps,DS
6eb453b5-eedc-48be-ba00-a0076bd52714,Using excel to analyse patterns in starring in Hollywood movies,CS
6a62a265-ee18-4966-8bc2-c3586b0f8a75,View of dagon in eluding FBI profilers,DS
3c0e5495-3eb7-45b3-a928-1d114f821904,Using excel to analyse patterns in watching TV,CS
642d7283-a509-450d-8153-259e9c3349ff,View of dagon in starring in romantic comedies,CS
9ec224a6-9f4a-4d91-a46b-5c9ade887ea3,Using rfid to improve ranting about politics,CS
73f334d5-7d2f-4574-9cf6-e233b8e6e8f9,Using ai to streamline starring in romantic comedies,CS
966ecdd3-8451-4876-9f61-77b4ac424f80,Using rfid to improve pushing dodgy operating systems,CSDS
96c144e7-a99f-47da-be00-59c54db04355,Security analysis of making new wave movies,CSDS
4626b1fd-2b18-4287-b703-82435a46764a,View of dagon in planning adultery,DS
e5d3cf32-89f1-42d6-a5c2-6449e6a621ac,Security analysis of writing erotic fiction,CS
02db512e-6eaf-4c52-bea4-35c673e79e99,Using excel to analyse patterns in hunting raccoons,CS
97292748-3923-4018-b7ef-22f7752751bd,Using excel to analyse patterns in postulating bizarre theories,,CSDS
620632d9-e1b8-491d-9999-18472d0600b2,Using ai to streamline betraying friends,CSDS
30c665b8-07d7-4480-88af-daabd5a8aeae,Using rfid to improve working out,CSDS
843f6ff9-3393-482e-8ee4-204d24efaf20,Using rfid to improve analyzing murder scenes,DS
6b4de9fd-b998-4344-b1b8-55e401f7afa7,Using ai to streamline promoting the Dark Side,DS
5f2a15d3-449a-4059-8431-042f868ac432,View of dagon in starring in madcap comedies,CS
4b9b6af9-ed11-4549-9a33-67a4c8aceb33,Using ai to streamline assassinating presidents,CSDS
22032dbb-6582-4063-9840-b368a41ea1cf,Using rfid to improve writing pot-boilers,CSDS
31db5560-3076-4348-ac6f-e39c29ed8c09,Using excel to analyse patterns in starring in Hollywood movies,CS
48069287-a864-4870-95e3-037df889eafd,Using rfid to improve tracking down fugitives,CSDS
3490d19c-da21-4fc4-80bc-3688db11f4f1,View of dagon in starring in action movies,CSDS
17a3ea81-322c-4f0f-9240-71f767f87d7e,Using ai to streamline promoting humanism,CS
c2668811-9304-432f-b96b-837c5fcf498e,Using excel to analyse patterns in making insipid musicals,CS
2e5a8e5e-1cc8-4415-8f07-e6efac810432,Using ai to streamline performing motorcycle stunts,CSDS
07a6e24c-d0f8-4456-8af9-4dae90edf61b,Using rfid to improve worrying about adultery,DS
12283d8f-c40c-42cd-8e45-e4492375c55f,View of dagon in making suspense movies,CS
5bca7d94-b125-41bb-bd01-089679bc6bbc,Using rfid to improve studying the cosmos,CSDS
773f2752-62e3-4e28-998f-0da53e99c90f,View of dagon in starring in comedies,CS
a7cd1fe3-9107-4e9b-8d88-085214cc4196,Using rfid to improve studying symbols,DS
d9557de3-635c-4cc9-8d7d-2fd03705137e,View of dagon in reporting for The Daily Planet,DS
8e4e5bf2-ff5f-4329-9f77-bdd824426b02,Security analysis of fighting for justice,DS
1a6c2656-ef21-4d10-8aa8-781f1747f7ae,Using excel to analyse patterns in writing poetry,CSDS
8ed0c64c-61df-4a1d-b401-8a7ec3859d18,Worshipping cthulu in running a movie studio,CSDS
c9277047-138a-4f40-a938-0c4204737d6e,Worshipping cthulu in singing rock songs,CSDS
6e0864e5-54e4-4f73-82ef-bf127dd4499f,Using rfid to improve starring in action movies,CSDS
6785655b-e8db-4597-b32d-5801c49ec7c3,Worshipping cthulu in writing plays about the middle classes,CSDS
a881d43b-3936-4ca6-b1b8-368bd265e768,Using rfid to improve starring in Hollywood movies,CS
caa7d0e9-de9e-47e9-a4a9-cb3197a36965,View of dagon in seducing emperors,CS
de00a734-f7a0-47df-8f9b-43c9b8ec569a,Worshipping cthulu in pedalling furiously,CSDS
08d522bc-c3a6-44d3-8a3a-7239e7f8af75,Security analysis of playing pranks,CSDS
56f02559-6ed2-4410-b60f-9dbfccc29b66,View of dagon in amassing ill-gotten wealth,CSDS
46983ff7-a86f-47d4-a6e9-a013e0a23f7d,Using ai to streamline hunting raccoons,CSDS
a99394cd-e242-476e-8e1a-25fbff73da75,Security analysis of preventing terrorism,CSDS
44e3f668-efd6-49ac-9f6f-cb124ea3730c,Security analysis of Research Activity,CSDS
89e240d2-72f2-4421-8fca-678384b51540,Security analysis of fighting with the mob,CS
ef19dc9f-6653-48cb-a3ec-e4dbcccc57a0,Worshipping cthulu in writing modern fiction,CS
4e1114dd-58d9-4a40-b0a0-a58083bb72f8,View of dagon in terrorizing employees,CSDS
d99f467d-0985-4b77-ba38-408ebb883c48,Using ai to streamline singing opera arias,CSDS
67835758-8a87-48d4-9c02-573f5e2bd30a,View of dagon in explaining natural selection,CSDS
b2471163-13e5-434e-894c-693465291ee6,Using excel to analyse patterns in foiling the schemes of evil villains,DS
8ea346f7-9112-44fc-8005-09af53ed3b95,Worshipping cthulu in starring in musical comedies,CSDS
562368d4-b9c7-4c2e-a2f0-ebe7dc36af87,Using excel to analyse patterns in running an empire,CSDS
3a574761-23b8-4a82-bec9-37e6df32e550,Worshipping cthulu in sucking roots,CSDS
5c036006-fb6e-44c8-a3d7-4d997a411ee1,View of dagon in running a new-age website,CSDS
140a0d48-cf23-468f-89a9-72f8de406968,Security analysis of writing for pulp magazines,CS
60a6ba16-26b5-45e8-8375-bf11074eec8f,View of dagon in running an empire,CS
c923b296-2d5e-4bc0-b9a9-c2b67f55dcd0,Using rfid to improve killing murderers,DS
a99937df-5c10-48b3-881a-728b23c19e12,View of dagon in singing rock songs,CS
8d1d598d-51bd-4c75-b495-e8176d40ad12,Using excel to analyse patterns in exploring darkest Africa,CSDS
0caa8257-94e5-47bf-8a9f-927477640621,Worshipping cthulu in promoting humanism,CS
ba441259-7af6-4c38-b710-aadfd80e558b,Using excel to analyse patterns in running a crime family,DS
456c1146-e695-4207-add6-963fc84a6f14,Using ai to streamline pretending to wrestle,CSDS
3c9a4231-9824-4813-bb8f-f23ebb527681,Using excel to analyse patterns in performing magic tricks,DS
5487d7e0-d688-4ec6-9663-6902eb1f08a1,Worshipping cthulu in collecting shoes,CSDS
12afcaa0-3f92-4ad2-a4a5-60446d5165cf,View of dagon in watching TV,CS
4f661d74-b660-4016-91f3-ff9a7da7b440,Using ai to streamline writing poetry,CSDS
015e7cbc-5cb9-4b15-bc6c-02f25336e359,Using ai to streamline plotting strategies,CS
ef965889-9055-4e80-87e9-5917505df7d2,Using rfid to improve promoting Heliocentrism,,CSDS
4f01a7d8-0099-4c65-9baa-10726c97aa75,Using excel to analyse patterns in promoting capitalism,CS
ae3f68fe-1e77-4d95-bb11-676b4ca691ed,Using ai to streamline starring in romantic comedies,CS
9e202580-f93f-4c64-ae4a-04015f6ee71a,View of dagon in starring in romantic comedies,CS
02c38308-1636-4a80-93ae-5e9d777a86d2,Using rfid to improve waxing a surfboard,CSDS
2f98b0d5-0cd8-40f5-95f4-c70e795a4be0,Using excel to analyse patterns in collecting bounties on runaways,CSDS
fcfab362-773d-4bf0-8fd9-5c2165d00150,Using excel to analyse patterns in starring in TV shows,CSDS
080bf027-8163-4fed-a396-52cdb8da10bf,Using excel to analyse patterns in plotting criminal schemes,CSDS
182dcd6c-7c8c-43c9-985f-c6e8e3fb2ec5,Security analysis of performing kung-fu moves,CS
2b63a5bb-662e-4d24-a557-2ba448a74d62,Using rfid to improve writing modern poetry,CSDS
c06700c7-2f2b-4e4d-bb37-2def358d5f26,Security analysis of driving around America,CSDS
23105297-44db-44cb-82fa-0232050f7a1d,View of dagon in terrorizing Earth,CSDS
6f21375c-9514-4848-8906-308ca06749d0,View of dagon in exploring the new world,CS
e624a33e-c98d-400a-ae84-d968c30d3619,Using excel to analyse patterns in making insipid musicals,CSDS
f3988b19-c323-4728-8da1-f728eefc14e3,View of dagon in starring in Hollywood movies,CS
9a2428fc-515a-49b2-b5fb-779352f3a1c1,Security analysis of postulating bizarre theories,,CSDS
fd4f1dd6-87b8-4917-af7d-eee6a376a55d,Using rfid to improve playing grungy music,CS
758a5bd9-bda9-4ff5-a056-e38ad3cf0056,Using rfid to improve directing movies,CS
13b1ab46-056d-4286-8f63-ed0564f12271,View of dagon in writing crime stories,CSDS
d609657b-7da7-44fb-8642-95c409e4175d,Using ai to streamline designing modern buildings,CS
7927171d-0a26-4331-b80d-9abf1f4941d9,Using ai to streamline promoting humanism,CSDS
4f49127f-073e-46c0-afae-fa95ba38b128,View of dagon in starring in romantic comedies,CS
a6506915-e7d4-455d-b8ad-ae1e5b6d8a22,Security analysis of rescuing aristocrats,DS
a7ed17a3-e844-446c-bf2f-ca39d6a5e201,Using excel to analyse patterns in apprehending criminals,CSDS
e3f4c876-a195-4c97-97dd-cc17eb7db41a,Worshipping cthulu in eating the inedible,,CSDS
4c2e1a9b-dec0-487d-8452-a89cf5fe3f8c,Worshipping cthulu in tossing coins,DS
0c021eae-4c9e-4f0b-8dbc-401d5a86f164,Using excel to analyse patterns in hosting radio shows,CS
179e9915-0a41-49e8-b24c-0c363b2c37c8,Security analysis of starring in Hollywood movies,CS
2c3e4449-d798-4de1-858f-cccd502ce54b,Using ai to streamline hunting wabbits,CSDS
bbc1a370-a359-47da-a2a3-9411dd024ed3,View of dagon in performing serious acting,CSDS
b88b8d56-7c7c-468b-a963-774714ec6300,Security analysis of writing experimental songs,CS
9a166358-a3ad-41a9-895b-db1c3eb1cc2d,Worshipping cthulu in hunting rabbits,CSDS
31072ac0-767f-480b-962c-6d86d3a5e8c6,Using ai to streamline chasing a great white whale,CSDS
21c06758-696a-45cc-987d-fd842b477680,Using excel to analyse patterns in consolidating an empire,CSDS
de926621-0d04-4fba-9df6-078f54a881c0,Worshipping cthulu in promoting socialism,CSDS
0f8fa315-adc1-41b7-899a-bf8cd59aa9d6,Using rfid to improve singing country music,CSDS
fad31dc5-77b6-48df-9a38-bb7dac06ea69,Using excel to analyse patterns in cursing at kitchen staff,CS
8f270a8b-48ff-4248-927e-38812c5bf1fe,Using excel to analyse patterns in ranting about liberals,CSDS
f253480e-9755-46d4-81e2-2cf729640b7e,View of dagon in writing poetry,CSDS
b23209f7-b662-4087-8527-768236bc907e,Worshipping cthulu in chasing a great white whale,DS
d011a70a-b195-4f04-9c31-49690596536a,Worshipping cthulu in writing pop songs,CS
d1718cf5-d63e-454f-b5d0-11af30435146,Using rfid to improve defending the Earth,CSDS
be405065-ac53-407e-b7ed-54e960de0e95,Using rfid to improve attacking paparazzi,CSDS
0d5768d3-a257-4a55-b439-fa82de660875,Worshipping cthulu in running an empire,CSDS
7d084e22-b447-4ace-a119-60d16b0b5417,View of dagon in wearing tights,CSDS
c2857391-8458-4d48-9b99-557976155bcf,Worshipping cthulu in painting dark pictures,CS
bb138009-4a6d-41d6-bb23-9c13ec64e9e4,View of dagon in watching TV,CSDS
d655bdb7-23cb-47cd-bfbc-2a9070469e08,View of dagon in writing horror stories,CSDS
472fae7b-179b-4db8-a883-980c6a35a05b,View of dagon in moaning about men,CSDS
163acb7f-fb2e-43ed-b36b-1ba8903d0e83,Security analysis of terrorizing citizens,CSDS
f86eeae2-6c6a-4e6a-befb-11be91b7e540,Using excel to analyse patterns in condescending to customers,CSDS
aa1dc5b4-ebb3-46c5-bb53-88727e9033d8,View of dagon in starring in Hollywood movies,CS
2990a75f-e827-4ba4-a8b6-cb6dcf2a787a,Using excel to analyse patterns in promoting capitalism,CS
80388378-9e04-4cd9-93e1-cef656a0b7bb,Security analysis of writing modern poetry,CSDS
6bf30721-30dc-4207-91ba-14de9ed2af87,Using excel to analyse patterns in drawing whimsical cartoons,CS
2d861a2b-284b-40ed-bdc5-27f55d84432b,Worshipping cthulu in representing the disenfranchised,CSDS
eff210ef-da2e-4977-b2fd-6e35043365fc,Using rfid to improve running an empire,DS
52306bb7-5af6-413b-9193-373944ba5247,Using ai to streamline falling gracefully,DS
19e18e47-b658-4705-aa00-612d335d8e00,View of dagon in  launching foreign wars,CSDS
e7011597-5ff3-455c-9c0d-46d08111cb83,Using ai to streamline recording pop songs,CS
eda17051-f085-405e-a97f-67a5dc24202a,Worshipping cthulu in promoting communism,CSDS
84f871f2-5a2e-4fab-9dd6-8717c284273f,View of dagon in starring in romantic comedies,CS
35d597a2-82c7-40b6-b7fb-4b2dca85bf41,Worshipping cthulu in crooning love songs,CS
9d83c682-6afe-4cef-9173-0a9d60ba233e,Using rfid to improve brokering peace deals,CSDS
54c259ae-1287-46ce-bfb3-69b1f8ea4129,Using rfid to improve running an empire,CSDS
089b41a4-bdb0-48cc-94f3-675a2c2dc1c7,Security analysis of fighting for civil rights,CS
a4b53ea4-beb2-49c2-9626-3784d6f4e84f,Using ai to streamline chasing after women,CS
58589934-5487-4cb3-94dd-5a32b7d18ff1,Security analysis of pedalling furiously,CSDS
ee56c86b-e7f7-4131-8cbd-17450a974d82,Using excel to analyse patterns in writing modern fiction,CS
3f6ae2e1-376d-4245-b532-6bd35c9426ea,Security analysis of playing rock music,CSDS
f5b3886c-9084-4cf8-a2b0-b3d0491c1f2b,Using ai to streamline promoting the Dark Side,CSDS
b92c3a18-fef9-4699-aa83-1d0dc7785dc1,Security analysis of flirting with rednecks,CS
235de50f-9d98-4a8a-9e9d-2bec17cd317a,View of dagon in tracking down fugitives,DS
511e7752-ba17-414d-9f15-d2c2e923cca4,Security analysis of writing poetry,CSDS
b7e7f17b-d8fe-40b2-82e8-02a2e5cf5bb7,Using excel to analyse patterns in rescuing kids,CSDS
9597f3e3-fd50-4973-86e3-40bd8cc9dc25,Security analysis of running an empire,CS
0c8d225b-8279-4821-aee9-d67e0617cfce,View of dagon in making suspense movies,CSDS
d64c8862-5cf5-415a-b963-5caa77a8eca6,Using excel to analyse patterns in writing rap songs,CS
9e7754b6-2544-460a-9a44-f9e4a6762b3a,View of dagon in giving speeches,CSDS
d782c067-84ed-4638-a7dd-e19a2dcd7318,Using excel to analyse patterns in popping Viagra,CS
77b637db-ada7-4e86-808d-3e2496d01d48,Worshipping cthulu in writing poetry,CSDS
63b9cc6a-5af6-49ef-9554-7d9e971daf15,Using excel to analyse patterns in making idealistic movies,CSDS
919c7615-a98c-4108-b1e3-1035d472ba0d,Security analysis of starring in indy movies,CSDS
ae13ce58-71f0-4a5e-8207-556129aa3c6e,Security analysis of making suspense movies,CSDS
175591f9-49fc-4e73-a7f7-69a883c81190,Worshipping cthulu in testing scientific theories,CS
170a80fc-8442-44ff-8c72-023cd7bc482d,Using excel to analyse patterns in ranting about liberals,CSDS
919b2510-c12e-4d4f-ace7-e1e74e1d38f1,Worshipping cthulu in running a crime family,DS
ba63256e-3360-4bab-91ca-43d545a0f240,Using ai to streamline hunting raccoons,CS
e6bb31b9-24cd-45dc-b198-687407814d3c,Using excel to analyse patterns in starring in romantic comedies,CSDS
ed4fd4ce-3183-4b39-a7bb-5948b94f5c55,Using rfid to improve planning adultery,DS
d423052f-f47f-4b24-b3a0-a47a1d81b33e,Using ai to streamline tempting fate,CSDS
7a415c95-a70d-4e71-be60-3c22a6d8b01a,Worshipping cthulu in writing poetry,CS
cb291207-e52d-4029-89c1-faccb0e0218e,Using rfid to improve singing rock songs,CS
d9b053fe-6653-4426-9d7d-310348fc0dc3,Using excel to analyse patterns in singing pop songs,CSDS
0f7bc560-3f98-451e-b361-5b6465f46cbe,Worshipping cthulu in  launching foreign wars,CS
3e659056-bbaa-49b9-b23d-bf19c3f8359c,Using rfid to improve performing magic tricks,CSDS
85b4094a-9829-48d3-a9d4-df9762e91637,Using ai to streamline starring in madcap comedies,CS
900abd14-b8f2-44ec-b8bb-eccd8a856632,Using excel to analyse patterns in hosting radio shows,CSDS
44307c6a-e2ba-4ddf-ab54-bc54280969b4,Worshipping cthulu in running an empire,CSDS
26aa82cd-8c7e-4c1a-90f5-45cca25b3fae,Using rfid to improve promoting communism,CS
7bbfae93-e273-466f-a3cf-adeaebfd6a8c,Using excel to analyse patterns in campaigning for democracy,CSDS
7c147783-1be1-42b1-bb5a-974f142dd1d6,Using rfid to improve writing up case notes,DS
90c7bb6a-adaf-4f4f-a172-155067643421,Worshipping cthulu in eating a box of chocolates,CSDS
ed97b4dc-740b-4df3-93ab-1f26d49e6c1b,Using excel to analyse patterns in gossiping with galpals,DS
c4c102cc-98e1-4aa5-b9de-5e5428ea5271,Using excel to analyse patterns in designing modern buildings,CS
042bc2df-47b5-4dec-9fe4-94add00d6ec0,Using ai to streamline solving crimes,DS
ec0ea852-e69e-4724-8745-96a29582d0fb,Using ai to streamline driving around America,CS
aa744673-bb70-4167-8d93-c9f148d7a73f,Using excel to analyse patterns in starring in Hollywood movies,CS
792e8f55-6be3-488b-af70-e3ac830b8a6d,Using excel to analyse patterns in pouting on camera,CS
b3722de6-3679-4623-aadd-c349a9db14a8,Worshipping cthulu in composing classical music,CSDS
e53c42f0-903b-496e-bcb1-f2d1a1aa0572,Security analysis of running a multinational corporation,CSDS
2494b6dd-d8e2-4ff3-b4d6-ea79220ee295,Worshipping cthulu in running an empire,DS
a23caa56-b57e-49a4-9e8f-0f3d8ca7c0db,Worshipping cthulu in writing epic poetry,CSDS
2e3ae7fc-e8e9-4a67-8311-03d64c44dc35,Using ai to streamline starring in comedies,CSDS
a7a17f9d-6f0d-4c8c-abda-81d86c4e6742,View of dagon in hosting a late night chat show,CS
ded86c08-6b6e-4466-9ba7-3a3d3d0c669e,Using ai to streamline spitting while speaking,DS
489971ef-1981-4b47-ba58-74e625a42f03,Security analysis of starring in madcap comedies,CS
ed0cfffd-6618-43f3-96c2-2e65072ff2a7,Using ai to streamline singing experimental songs,CSDS
890a14e2-a86e-4d21-9ec8-23984c418ca7,View of dagon in plotting criminal schemes,CSDS
82d0dc1c-b676-4dd1-b72d-e907fb43ec4b,Using rfid to improve starring in Hollywood movies,CS
1e6005c6-000d-4ea8-b8d9-cdbc1551678e,Security analysis of avoiding taxes,CSDS
2b5f9f7a-a6e6-40fe-be15-16f480e51bc0,View of dagon in singing middle-of-the-road songs,CS
8dd35887-f656-4800-ba36-7d50a7efea3d,Security analysis of ranting about liberals,CS
92a63d87-4501-4d3a-9b11-f380a0838b51,Using ai to streamline complaining about big brother,DS
d8578910-df06-4f5a-a501-b0c2a06d6cf3,Using excel to analyse patterns in apprehending criminals,DS
9338bfe0-9138-48e7-a173-d0030a64188d,Using rfid to improve starring in Hollywood movies,CSDS
ba717b3a-38d3-4e74-a609-e627b2da0c12,View of dagon in writing pop songs,CSDS
fc22daf3-ecc3-4993-80f1-b22dfc2509e6,Worshipping cthulu in proving math theorems,CS
cbcf0262-cf8f-4cad-bdc4-502fe0681b1b,View of dagon in pushing dodgy operating systems,CSDS
aef71741-7446-4372-a06f-fead4493d01b,Using rfid to improve complaining about life,DS
e8918d99-c792-4cdf-a469-1a72eacaaa33,View of dagon in eluding capture,CS
711c3e7d-b936-4d1a-b364-577006be3d6d,Security analysis of drawing whimsical cartoons,CSDS
a979b44e-a81a-42f3-8dcf-bdf88e346958,Using ai to streamline starring in romantic comedies,CS
560cf3ec-9c8b-4fa0-a455-e4914abd86cb,Using excel to analyse patterns in designing modern buildings,CS
2020dd20-7444-4d02-8a34-1f6e77724e59,Using ai to streamline starring in Hollywood movies,CS
ddae797d-93a8-4cb7-a7e7-f96e04e70a21,Worshipping cthulu in moaning about men,CSDS
40201995-a567-433c-813a-8eac574971a8,View of dagon in painting over photographs,CS
fe870adb-5ed7-4845-aee4-eff3335559d1,Worshipping cthulu in avoiding taxes,CSDS
4deaa094-b180-49bd-a8ca-76f339d84f62,Worshipping cthulu in revolutionizing physics,CSDS
dd51f5da-0ee2-430c-88ea-b36be59285fc,Using excel to analyse patterns in directing weird movies,CSDS
286a3fd3-5cb8-4a67-bb39-e92d8da71870,Worshipping cthulu in collecting fossils,CS
b5e37714-1b4f-43d7-b3b9-231e097a944b,View of dagon in talking up the economy,CSDS
a171d8f5-bafa-4f0f-9915-8586014e40d4,Using excel to analyse patterns in tempting fate,CSDS
e579b751-a9c1-464b-a13b-0b630b7d4bd5,Using ai to streamline working with nuclear materials,CSDS
ed2cbe54-5468-48d0-88f3-5c07b729c9f6,Using rfid to improve studying magic tricks,CSDS
c4e933a2-dabf-4485-9231-9f2a2e52b497,Security analysis of making cars,CSDS
9d529cfe-0c95-46db-906c-218eb5e5762e,Security analysis of warning about totalitarianism,CS
f91985ef-80ed-4436-9080-15509f711351,Using rfid to improve causing mayhem,DS
99bdb018-5ed1-41b8-a7b8-7fdfad2f2e31,Using excel to analyse patterns in eluding FBI profilers,DS
e5493429-33bb-4f4e-876c-d7675d2f0732,Using rfid to improve complaining about life,CSDS
7f248116-09fd-4214-8e38-3f77f8073fd5,Security analysis of making new wave movies,CS
cf78c47f-fb73-4e0a-9b8d-0cb2647748dc,Using rfid to improve frying peanut-butter and banana sandwiches,CSDS
37537526-8da6-45af-bde2-cb7ca0983797,Using excel to analyse patterns in moaning about men,DS
848fe705-f2df-4b53-8512-69a468907f40,Security analysis of starring in romantic comedies,CS
79efaae5-f2de-450f-9fae-7d1a36b10375,Worshipping cthulu in running a smuggling business,DS
fc57935f-c645-421b-ba73-b360197ac0ab,Security analysis of running an empire,CSDS
b4def863-3e93-4630-b3fa-70ffec80725e,Using rfid to improve hunting wabbits,CSDS
a90fc013-ef3d-4d3c-acc2-079ab7be325d,Using ai to streamline smoking herb,CS
6c8403c4-c076-4f3a-bd2e-a86ba1d0df37,Using excel to analyse patterns in winning Oscars,CSDS
c4b2d03a-a1f2-4151-88e4-d9f7dd4c56f7,Using ai to streamline winning cycling races,CSDS
e26bb33c-746a-41f2-a837-77d3f937036f,Using rfid to improve starring in Hollywood movies,CSDS
92ec0606-7856-44fb-97a6-7b537396f2fa,Using ai to streamline writing modern poetry,CS
8342e389-9f24-4164-8223-c1ba8f4182aa,Worshipping cthulu in dining with playboy princes,CS
007f70ee-841c-4d0f-9489-5ae014322ce5,Using rfid to improve pedalling furiously,CS
72a62265-6980-47d6-8f12-b32a4225e5f5,Using ai to streamline starring in Hollywood movies,CS
6185d374-3168-40dc-a09d-e959d92b1af3,Using excel to analyse patterns in defending plaintiffs,CSDS
51bafdfa-f604-4f0d-84de-b9b0666f18ce,Using ai to streamline starring in Hollywood movies,CS
cb793f55-058d-4d21-899f-b1d5295ea775,Using excel to analyse patterns in womanizing,CSDS
3965093e-74a4-4197-b7ff-9a0902ec2b58,Using excel to analyse patterns in starring in action movies,CS
5a6528d0-c5ae-46fd-902e-d74e028c9dc2,View of dagon in promoting humanism,CSDS
513ded84-c18d-45e4-b88a-394c3ccd9c0e,View of dagon in teaching magic,CSDS
15acc5e2-f56a-4226-ad91-0859fe33b2bb,Using rfid to improve singing country music,CS
0ea84ee1-a75d-4623-a511-7793756740f3,Security analysis of building giant walls,CSDS
099d4b24-d939-467d-8317-0e355ec32fcb,Security analysis of selling fried chicken,CSDS
ce60eb64-5090-4121-9631-05741cc38afe,Using ai to streamline playing grungy music,CS
f7743416-c8d2-4528-8b85-869cdd4af567,Using ai to streamline promoting Objectivism,CSDS
43cb71e4-cb4d-415e-962a-194de7ee325f,Using rfid to improve ranting about liberals,CSDS
0e64b813-459a-4135-97be-3a7e92a9637e,Using rfid to improve chasing flappers,CSDS
78c16b1c-ed7b-460e-8a31-8255a6f22064,Using ai to streamline starring in Hollywood movies,CS
3c03b431-b2e2-4270-82f1-ee55cd49129c,View of dagon in performing street magic,CS
